datetime_30min,date,time_30min
2025-12-08 15:00:00,2025-12-08,15:00
2025-12-08 15:30:00,2025-12-08,15:30
2025-12-09 00:30:00,2025-12-09,00:30
2025-12-09 01:00:00,2025-12-09,01:00
2025-12-09 01:30:00,2025-12-09,01:30
2025-12-09 02:00:00,2025-12-09,02:00
2025-12-09 02:30:00,2025-12-09,02:30
2025-12-09 03:00:00,2025-12-09,03:00
2025-12-09 03:30:00,2025-12-09,03:30
2025-12-09 04:00:00,2025-12-09,04:00
2025-12-09 04:30:00,2025-12-09,04:30
2025-12-09 05:00:00,2025-12-09,05:00
2025-12-09 05:30:00,2025-12-09,05:30
2025-12-09 06:00:00,2025-12-09,06:00
2025-12-09 06:30:00,2025-12-09,06:30
2025-12-09 07:00:00,2025-12-09,07:00
2025-12-09 07:30:00,2025-12-09,07:30
2025-12-09 08:00:00,2025-12-09,08:00
2025-12-09 08:30:00,2025-12-09,08:30
2025-12-09 09:00:00,2025-12-09,09:00
2025-12-09 09:30:00,2025-12-09,09:30
2025-12-10 01:30:00,2025-12-10,01:30
2025-12-10 02:00:00,2025-12-10,02:00
2025-12-10 02:30:00,2025-12-10,02:30
2025-12-10 03:00:00,2025-12-10,03:00
2025-12-10 03:30:00,2025-12-10,03:30
2025-12-10 04:00:00,2025-12-10,04:00
2025-12-10 04:30:00,2025-12-10,04:30
2025-12-10 05:00:00,2025-12-10,05:00
2025-12-10 05:30:00,2025-12-10,05:30
2025-12-10 06:00:00,2025-12-10,06:00
2025-12-10 06:30:00,2025-12-10,06:30
2025-12-10 07:00:00,2025-12-10,07:00
2025-12-11 08:00:00,2025-12-11,08:00
2025-12-11 08:30:00,2025-12-11,08:30
2025-12-11 09:00:00,2025-12-11,09:00
2025-12-11 09:30:00,2025-12-11,09:30
2025-12-17 16:00:00,2025-12-17,16:00
2025-12-22 15:00:00,2025-12-22,15:00
2026-01-02 11:30:00,2026-01-02,11:30
2026-01-09 14:30:00,2026-01-09,14:30
